index,model,power_kW,hp,current_A,speed_rpm,efficiency_pct,power_factor
1.0,Y80M1-2,0.75,1.0,1.8,2825.0,75.0,0.84
2.0,Y80M2-2,1.1,1.5,2.5,2825.0,77.0,0.86
3.0,Y90S-2,1.5,2.0,3.4,2840.0,78.0,0.85
4.0,Y90L-2,2.2,3.0,4.8,2840.0,80.5,0.86
5.0,Y100L-2,3.0,4.0,6.4,2880.0,82.0,0.87
6.0,Y112M-2,4.0,5.5,8.2,2890.0,85.5,0.87
7.0,Y132S1-2,5.5,7.5,11.0,2900.0,85.5,0.88
8.0,Y132S2-2,7.5,10.0,15.0,2900.0,86.2,0.88
9.0,Y160M1-2,11.0,15.0,21.8,2930.0,87.2,0.88
10.0,Y160M2-2,15.0,20.0,29.3,2930.0,88.2,0.88
11.0,Y160L-2,18.5,25.0,35.5,2930.0,89.0,0.89
12.0,Y180M-2,22.0,30.0,42.2,2940.0,89.0,0.89
13.0,Y200L1-2,30.0,40.0,56.9,2950.0,90.0,0.89
14.0,Y200L2-2,37.0,50.0,69.8,2950.0,90.5,0.89
15.0,Y225M-2,45.0,61.0,84.0,2970.0,91.5,0.89
16.0,Y250M-2,55.0,75.0,102.6,2970.0,91.5,0.89
17.0,Y280S-2,75.0,102.0,139.2,2970.0,92.0,0.89
18.0,Y280M-2,90.0,122.5,166.1,2970.0,92.5,0.89
19.0,Y315S-2,110.0,150.0,2.3,2980.0,92.5,0.89
20.0,Y315M-2,132.0,180.0,242.3,2980.0,93.0,0.89
21.0,Y315L1-2,160.0,218.0,292.0,2980.0,93.5,0.89
22.0,Y315L2-2,200.0,272.0,365.2,2980.0,93.5,0.89
23.0,Y355M1-2,220.0,299.0,396.7,2981.0,94.2,0.89
24.0,Y355M2-2,250.0,340.0,446.6,2981.0,94.5,0.9
25.0,Y355L1-2,280.0,381.0,499.2,2981.0,94.7,0.9
26.0,Y355L2-2,315.0,429.0,559.8,2981.0,95.0,0.9
27.0,Y80M1-4,0.55,0.75,1.5,1390.0,73.0,0.76
28.0,Y80M2-4,0.75,1.0,2.0,1390.0,74.5,0.76
29.0,Y90S-4,1.1,1.5,2.7,1400.0,78.0,0.78
30.0,Y90L-4,1.5,2.0,3.7,1400.0,79.0,0.79
31.0,Y100L1-4,2.2,3.0,5.0,1420.0,81.0,0.82
32.0,Y100L2-4,3.0,4.0,6.8,1420.0,82.5,0.81
33.0,Y112M-4,4.0,5.5,8.8,1440.0,84.5,0.82
34.0,Y132S-4,5.5,7.5,11.6,1440.0,85.5,0.84
35.0,Y132M-4,7.5,10.0,15.4,1440.0,87.0,0.85
36.0,Y160M-4,11.0,15.0,22.6,1460.0,88.0,0.84
37.0,Y160L-4,15.0,20.0,30.3,1460.0,88.5,0.85
38.0,Y180M-4,18.5,25.0,35.9,1470.0,91.0,0.86
39.0,Y180L-4,22.0,30.0,42.5,1470.0,91.5,0.86
40.0,Y200L-4,30.0,40.0,56.8,1470.0,92.2,0.87
41.0,Y225S-4,37.0,50.0,70.4,1480.0,91.8,0.87
42.0,Y225M-4,45.0,61.0,84.2,1480.0,92.3,0.88
43.0,Y250M-4,55.0,75.0,102.6,1480.0,92.6,0.88
44.0,Y280S-4,75.0,102.0,139.7,1480.0,92.7,0.88
45.0,Y280M-4,90.0,122.5,164.3,1480.0,93.5,0.89
46.0,Y315S-4 ,110.0,150.0,201.0,1480.0,93.5,0.89
47.0,Y315M-4,132.0,180.0,240.0,1490.0,94.0,0.89
48.0,Y315L1-4,160.0,218.0,289.0,1490.0,94.5,0.89
49.0,Y315L2-4,200.0,272.0,361.0,1490.0,94.5,0.89
50.0,Y355M1-4,220.0,299.0,407.0,1489.0,94.4,0.87
51.0,Y355M2-4,250.0,340.0,461.0,1489.0,94.7,0.87
52.0,Y355L1-4,280.0,381.0,515.3,1489.0,94.9,0.87
53.0,Y355L2-4,315.0,429.0,577.9,1489.0,95.2,0.87
54.0,Y90S-6,0.75,1.0,2.2,910.0,72.5,0.7
55.0,Y90L-6,1.1,1.5,3.2,910.0,73.5,0.72
56.0,Y100L-6,1.5,2.0,4.0,940.0,77.5,0.74
57.0,Y112M-6,2.2,3.0,5.6,940.0,80.5,0.74
58.0,Y132S-6,3.0,4.0,7.2,960.0,83.0,0.76
59.0,Y132M1-6,4.0,5.5,9.4,960.0,84.0,0.77
60.0,Y132M2-6,5.5,7.5,12.6,960.0,85.3,0.78
61.0,Y160M-6,7.5,10.0,17.0,970.0,86.0,0.78
62.0,Y160L-6,11.0,15.0,24.6,970.0,87.0,0.78
63.0,Y180L-6,15.0,20.0,31.4,970.0,89.5,0.81
64.0,Y200L1-6,18.5,25.0,37.7,970.0,89.8,0.83
65.0,Y200L2-6,22.0,30.0,44.6,970.0,90.2,0.83
66.0,Y225M-6,30.0,40.0,59.5,980.0,90.2,0.85
67.0,Y250M-6,37.0,50.0,72.0,980.0,90.8,0.86
68.0,Y280S-6,45.0,61.0,85.4,980.0,92.0,0.87
69.0,Y280M-6,55.0,75.0,104.4,980.0,92.0,0.87
70.0,Y315S-6,75.0,102.0,141.0,990.0,92.8,0.87
71.0,Y315M-6,90.0,122.5,168.6,990.0,93.2,0.87
72.0,Y315L1-6,110.0,150.0,205.5,990.0,93.5,0.87
73.0,Y315L2-6,132.0,180.0,245.6,990.0,93.8,0.87
74.0,Y355M1-6,160.0,218.0,300.4,990.0,94.1,0.86
75.0,Y355M2-6,185.0,272.0,346.6,990.0,94.3,0.86
76.0,Y355M3-6,200.0,299.0,374.7,990.0,94.3,0.86
77.0,Y355L2-6,220.0,340.0,411.3,991.0,94.5,0.86
78.0,Y355L1-6,250.0,381.0,466.4,991.0,94.7,0.86
79.0,Y132S-8,2.2,3.0,5.6,710.0,80.5,0.71
80.0,Y132M-8,3.0,4.0,7.7,710.0,82.0,0.72
81.0,Y160M1-8,4.0,5.5,9.9,720.0,84.0,0.73
82.0,Y160M2-8,5.5,7.5,13.3,720.0,85.0,0.74
83.0,Y160L-8,7.5,10.0,17.1,720.0,86.0,0.75
84.0,Y180L-8,11.0,15.0,24.8,730.0,87.5,0.77
85.0,Y200L-8,15.0,20.0,34.0,730.0,88.0,0.76
86.0,Y225S-8,18.5,25.0,41.3,730.0,89.5,0.76
87.0,Y225M-8,22.0,30.0,47.6,730.0,90.0,0.78
88.0,Y250M-8,30.0,40.0,63.0,730.0,90.5,0.8
89.0,Y280S-8,37.0,50.0,78.2,740.0,91.0,0.79
90.0,Y280M-8,45.0,61.0,93.2,730.0,91.7,0.8
91.0,Y315S-8,55.0,75.0,113.5,740.0,92.0,0.8
92.0,Y315M-8,75.0,102.0,152.0,740.0,92.5,0.81
93.0,Y315L1-8,90.0,122.5,179.0,740.0,93.0,0.82
94.0,Y315L2-8,110.0,150.0,218.5,740.0,93.3,0.82
95.0,Y355M1-8,132.0,180.0,264.0,742.0,93.8,0.81
96.0,Y355M2-8,160.0,218.0,319.3,742.0,94.0,0.81
97.0,Y355L1-8,185.0,272.0,368.4,742.0,94.2,0.81
98.0,Y355L2-8,200.0,299.0,397.8,742.0,94.3,0.81
99.0,Y355M1-10,90.0,122.5,191.0,592.0,93.0,0.77
100.0,Y355M2-10,110.0,150.0,229.9,592.0,93.2,0.78
101.0,Y355L-10,132.0,180.0,275.0,592.0,93.5,0.78
